nombre,direccion
Vertical Miraflores,"Esquina de Schell con Grimaldo del Solar,  Miraflores, Lima"
Horizontal-vertical San Borja,"Av. Primavera cruce con Av. San Luis, San Borja.,  San Borja, Lima"
Vertical Limatambo,"Calle Las Gaviotas 173,  Limatambo, Surquillo"
Vertical Los Tulipanes,"Av. Aflredo Benavides ,  Los Tulipanes, Miraflores"
Horizontal-vertical Alexander Von Humboldt,"Av. Tomas Marsano 2670,  Alexander Von Humboldt, Miraflores"
Horizontal-vertical Lince,"Jirón Domingo Casanova 151, Lince,  Lince, Lima"
Horizontal-vertical Magdalena,"Av Javier Prado Oeste 2291, Magdalena del Mar,  Magdalena, Lima"
Vertical San Isidro,"Avenida Javier Prado Oeste  - ,  San Isidro, Lima"
Vertical Surquillo,"Av. Andrés Aramburú 962		,  Surquillo, Lima"
Horizontal-vertical Chorrillos,"Av. Los Faisanes 485, Chorrillos,  Chorrillos, Lima"
Horizontal-vertical Surquillo,"Av. Andrés Aramburú 668,  Surquillo, Lima"
Horizontal-vertical Miraflores,"Av. Mariscal La Mar 1055 Miraflores,  Miraflores, Lima"
Horizontal-vertical Miraflores,"AV 28 DE JULIO 1200,  Miraflores, Lima"
Vertical Barranco,"Calle Carlos Arrieta 271,  Barranco, Lima"
Vertical San Antonio,"Av. 28 de julio 1365 miraflores,  San Antonio, Miraflores"
Condominio de edificios Jesús María,"Avenida General Felipe Salaverry 571		,  Jesús María, Lima"
Vertical Santa Catalina,"Jr. Francisco Graña 153,  Santa Catalina, La Victoria"
Horizontal-vertical Miraflores,"Avenida Bolognesi 373,  Miraflores, Lima"
Vertical Santiago de Surco,"Jr. Morro Solar 133		,  Santiago de Surco, Lima"
Vertical Oyague,"Jirón Daniel Carrión 110,  Oyague, Magdalena"
Condominio de edificios Maranga Etapa Vii,"Av. Rafael Escardo Aguirre N° 530,  Maranga Etapa Vii, San Miguel"
Vertical Miraflores,"Av El Ejercito 741,  Miraflores, Lima"
Vertical Santa Catalina,"Av. Canadá 185,  Santa Catalina, La Victoria"
Vertical Miraflores,"Av. Pardo 1051,  Miraflores, Lima"
Vertical San Antonio,"Av. Paseo de la República N° 6334 - 6338 ,  San Antonio, Miraflores"
Horizontal-vertical Miraflores,"CALLE ROMA 382 MIRAFLORES,  Miraflores, Lima"
Edificios Surquillo,"Av. Domingo Orué 230,  Surquillo, Lima"
Edificios Miraflores,"Santa Isabel 147,  Miraflores, Lima"
Vertical Santiago de Surco,"Av. Caminos del Inca 236,  Santiago de Surco, Lima"
Edificios Miraflores,"Santa Isabel 169,  Miraflores, Lima"
Horizontal-vertical Risso,"Joaquin Bernal 708 esquina con Francisco de Zela,  Risso, Lince"
Edificios Orrantia,"arrospide loyola,  Orrantia, San Isidro"
Edificios Lince,"Av. Cesar Vallejo 1445, Lince, Lima,  Lince, Lima"
Horizontal-vertical Miraflores,"Calle General Recavarren 181,  Miraflores, Lima"
Horizontal-vertical Santiago de Surco,"Av. Mariscal Castilla 334 - 338, Surco,  Santiago de Surco, Lima"
Vertical San Borja,"Av. Javier Prado Este ,  San Borja, Lima"
Edificios Lince,"Av. Arenales 2570,  Lince, Lima"
Vertical San Isidro,"Calle plaza Padre Constancio Bollar 205,  San Isidro, Lima"
Vertical Santa Teresa,"Jirón Batallón Callao Norte  ,  Santa Teresa, Santiago de Surco"
Vertical San Miguel,"Av. Razuri 243 - 247,  San Miguel, Lima"
